vendor,camera,sensor_name,aspect,fov,pixel_pitch,res_w,res_h,sensor_w_mm,sensor_h_mm,focal_length
ARRI,ALEXA 265,6.5K 2.12:1 Open Gate,2.1161,40.15,0.008250,6560,3100,54.12,25.58,35.00
ARRI,ALEXA 265,5.1K 1.65:1,1.6516,40.15,0.008250,5120,3100,42.24,25.58,35.00
ARRI,ALEXA 265,4.5K LF 3:2,1.4367,40.10,0.008250,4448,3096,36.70,25.55,35.00
ARRI,ALEXA 35,4.6K 3:2 Open Gate,1.4564,30.68,0.006076,4608,3164,28.00,19.20,35.00
ARRI,ALEXA 35,4.6K 16:9,1.7778,25.28,0.006076,4608,2592,28.00,15.70,35.00
ARRI,ALEXA 35,4K 16:9,1.7778,22.62,0.006079,4096,2304,24.90,14.00,35.00
ARRI,ALEXA 35,4K 2:1,2.0000,20.09,0.006079,4096,2048,24.90,12.40,35.00
ARRI,ALEXA 35,3.8K 16:9,1.7778,21.20,0.006068,3840,2160,23.30,13.10,35.00
ARRI,ALEXA 35,3.3K 6:5,1.1928,27.22,0.006076,3328,2790,20.22,16.95,35.00
ARRI,ALEXA 35,3K 1:1,1.0000,29.91,0.006087,3072,3072,18.70,18.70,35.00
ARRI,ALEXA 35,2.7K 8:9,0.8889,29.91,0.006088,2743,3086,16.70,18.70,35.00
ARRI,ALEXA 35,2K 16:9 S16,1.7778,11.42,0.006055,2048,1152,12.40,7.00,35.00
ARRI,ALEXA 65,Open Gate,2.1161,40.15,0.008250,6560,3100,54.12,25.58,35.00
ARRI,ALEXA 65,LF Open Gate,1.4367,40.09,0.008251,4448,3096,36.70,25.54,35.00
ARRI,ALEXA 65,16:9,1.7778,37.50,0.008250,5120,2880,42.24,23.76,35.00
ARRI,ALEXA 65,3:2,1.5000,37.50,0.008250,4320,2880,35.64,23.76,35.00
ARRI,ALEXA LF,LF Open Gate Mode OG 4.5K,1.4367,40.09,0.008251,4448,3096,36.70,25.54,35.00
ARRI,ALEXA LF,LF 2.39:1 Scope Mode 4.5K,2.3966,24.67,0.008251,4448,1856,36.70,15.31,35.00
ARRI,ALEXA LF,LF 16:9 Mode 4K UHD,1.7778,28.56,0.008250,3840,2160,31.68,17.82,35.00
ARRI,ALEXA LF,LF 16:9 Mode 2K,1.7778,28.56,0.015469,2048,1152,31.68,17.82,35.00
ARRI,ALEXA LF,LF 16:9 Mode HD,1.7778,28.56,0.016500,1920,1080,31.68,17.82,35.00
ARRI,ALEXA Mini,4K UHD,1.7778,23.95,0.006875,3840,2160,26.40,14.85,35.00
ARRI,ALEXA Mini,3.4K Open Gate,1.5550,29.10,0.008251,3424,2202,28.25,18.17,35.00
ARRI,ALEXA Mini,3.2K,1.7778,23.95,0.008250,3200,1800,26.40,14.85,35.00
ARRI,ALEXA Mini,2.8K 4:3,1.3333,28.56,0.008250,2880,2160,23.76,17.82,35.00
ARRI,ALEXA Mini,2.8K,1.7778,21.63,0.008250,2880,1620,23.76,13.37,35.00
ARRI,ALEXA Mini,2K Anamorphic 2.39:1 2560 x 2145,1.1935,28.38,0.008250,2560,2145,21.12,17.70,35.00
ARRI,ALEXA Mini,2K,1.7778,21.52,0.011553,2048,1152,23.66,13.30,35.00
ARRI,ALEXA Mini,2K Anamorphic 2.39:1 2048 x 858,2.3869,28.38,0.010313,2048,858,21.12,17.70,35.00
ARRI,ALEXA Mini,HD Anamorphic 16:9,0.8889,28.56,0.008250,1920,2160,15.84,17.82,35.00
ARRI,ALEXA Mini,HD Anamorphic,1.7778,28.56,0.008250,1920,1080,15.84,17.82,35.00
ARRI,ALEXA Mini,HD,1.7778,21.63,0.012375,1920,1080,23.76,13.37,35.00
ARRI,ALEXA Mini,S16 HD,1.7778,12.11,0.006875,1920,1080,13.20,7.42,35.00
ARRI,ALEXA SXT,Open Gate Mode 4K Cine,1.5539,29.04,0.006877,4096,2636,28.17,18.13,35.00
ARRI,ALEXA SXT,Open Gate Mode 3.4K,1.5550,29.10,0.008251,3424,2202,28.25,18.17,35.00
ARRI,ALEXA SXT,6:5 Mode 4K Cine Anamorphic,2.3869,28.38,0.005156,4096,1716,21.12,17.70,35.00
ARRI,ALEXA SXT,6:5 Mode 2.6K,1.1935,28.56,0.008293,2578,2160,21.38,17.82,35.00
ARRI,ALEXA SXT,6:5 Mode 2K Anamorphic,2.3869,28.38,0.010313,2048,858,21.12,17.70,35.00
ARRI,ALEXA SXT,4:3 Mode 2.8K,1.3333,28.56,0.008250,2880,2160,23.76,17.82,35.00
ARRI,ALEXA SXT,16:9 Mode 4K UHD,1.7778,23.95,0.006875,3840,2160,26.40,14.85,35.00
ARRI,ALEXA SXT,16:9 Mode 3.2K 3200 x 1800,1.7778,23.95,0.008250,3200,1800,26.40,14.85,35.00
ARRI,ALEXA SXT,16:9 Mode 3.2K 3168 x 1782,1.7778,23.72,0.008251,3168,1782,26.14,14.70,35.00
ARRI,ALEXA SXT,16:9 Mode 2.8K,1.7778,21.63,0.008250,2880,1620,23.76,13.37,35.00
ARRI,ALEXA SXT,16:9 Mode 2K,1.7778,21.63,0.011602,2048,1152,23.76,13.37,35.00
ARRI,ALEXA SXT,16:9 Mode HD,1.7778,21.63,0.012375,1920,1080,23.76,13.37,35.00
ARRI,ALEXA SXT Plus,Open Gate Mode 4K Cine,1.5539,29.04,0.006877,4096,2636,28.17,18.13,35.00
ARRI,ALEXA SXT Plus,Open Gate Mode 3.4K,1.5550,29.10,0.008251,3424,2202,28.25,18.17,35.00
ARRI,ALEXA SXT Plus,6:5 Mode 4K Cine Anamorphic,2.3869,28.38,0.005156,4096,1716,21.12,17.70,35.00
ARRI,ALEXA SXT Plus,6:5 Mode 2.6K,1.1935,28.56,0.008293,2578,2160,21.38,17.82,35.00
ARRI,ALEXA SXT Plus,6:5 Mode 2K Anamorphic,2.3869,28.38,0.010313,2048,858,21.12,17.70,35.00
ARRI,ALEXA SXT Plus,4:3 Mode 2.8K,1.3333,28.56,0.008250,2880,2160,23.76,17.82,35.00
ARRI,ALEXA SXT Plus,16:9 Mode 4K UHD,1.7778,23.95,0.006875,3840,2160,26.40,14.85,35.00
ARRI,ALEXA SXT Plus,16:9 Mode 3.2K 3200 x 1800,1.7778,23.95,0.008250,3200,1800,26.40,14.85,35.00
ARRI,ALEXA SXT Plus,16:9 Mode 3.2K 3168 x 1782,1.7778,23.72,0.008251,3168,1782,26.14,14.70,35.00
ARRI,ALEXA SXT Plus,16:9 Mode 2.8K,1.7778,21.63,0.008250,2880,1620,23.76,13.37,35.00
ARRI,ALEXA SXT Plus,16:9 Mode 2K,1.7778,21.63,0.011602,2048,1152,23.76,13.37,35.00
ARRI,ALEXA SXT Plus,16:9 Mode HD,1.7778,21.63,0.012375,1920,1080,23.76,13.37,35.00
ARRI,ALEXA SXT Studio,Open Gate Mode 4K Cine,1.5539,29.04,0.006877,4096,2636,28.17,18.13,35.00
ARRI,ALEXA SXT Studio,Open Gate Mode 3.4K,1.5550,29.10,0.008251,3424,2202,28.25,18.17,35.00
ARRI,ALEXA SXT Studio,6:5 Mode 4K Cine Anamorphic,2.3869,28.38,0.005156,4096,1716,21.12,17.70,35.00
ARRI,ALEXA SXT Studio,6:5 Mode 2.6K,1.1935,28.56,0.008293,2578,2160,21.38,17.82,35.00
ARRI,ALEXA SXT Studio,6:5 Mode 2K Anamorphic,2.3869,28.38,0.010313,2048,858,21.12,17.70,35.00
ARRI,ALEXA SXT Studio,4:3 Mode 2.8K,1.3333,28.56,0.008250,2880,2160,23.76,17.82,35.00
ARRI,ALEXA SXT Studio,16:9 Mode 4K UHD,1.7778,23.95,0.006875,3840,2160,26.40,14.85,35.00
ARRI,ALEXA SXT Studio,16:9 Mode 3.2K 3200 x 1800,1.7778,23.95,0.008250,3200,1800,26.40,14.85,35.00
ARRI,ALEXA SXT Studio,16:9 Mode 3.2K 3168 x 1782,1.7778,23.72,0.008251,3168,1782,26.14,14.70,35.00
ARRI,ALEXA SXT Studio,16:9 Mode 2.8K,1.7778,21.63,0.008250,2880,1620,23.76,13.37,35.00
ARRI,ALEXA SXT Studio,16:9 Mode 2K,1.7778,21.63,0.011602,2048,1152,23.76,13.37,35.00
ARRI,ALEXA SXT Studio,16:9 Mode HD,1.7778,21.63,0.012375,1920,1080,23.76,13.37,35.00
ARRI,ALEXA XR Plus,Open Gate Mode Open Gate,1.5532,29.10,0.008275,3414,2198,28.25,18.17,35.00
ARRI,ALEXA XR Plus,4:3 Mode Full,1.3333,28.56,0.008250,2880,2160,23.76,17.82,35.00
ARRI,ALEXA XR Plus,4:3 Mode Cropped,1.1935,28.56,0.008251,2578,2160,21.27,17.82,35.00
ARRI,ALEXA XR Plus,4:3 Mode 2K,1.3333,28.46,0.011553,2048,1536,23.66,17.75,35.00
ARRI,ALEXA XR Plus,16:9 Mode 3.2K,1.7795,23.72,0.008262,3164,1778,26.14,14.70,35.00
ARRI,ALEXA XR Plus,16:9 Mode 2.8K,1.7778,21.63,0.008250,2880,1620,23.76,13.37,35.00
ARRI,ALEXA XR Plus,16:9 Mode 2K,1.7778,21.55,0.011553,2048,1152,23.66,13.32,35.00
ARRI,ALEXA XR Plus,16:9 Mode HD,1.7778,21.63,0.012375,1920,1080,23.76,13.37,35.00
ARRI,ALEXA XR Studio,Open Gate Mode Open Gate,1.5532,29.10,0.008275,3414,2198,28.25,18.17,35.00
ARRI,ALEXA XR Studio,4:3 Mode Full,1.3333,28.56,0.008250,2880,2160,23.76,17.82,35.00
ARRI,ALEXA XR Studio,4:3 Mode Cropped,1.1935,28.56,0.008251,2578,2160,21.27,17.82,35.00
ARRI,ALEXA XR Studio,4:3 Mode 2K,1.3333,28.46,0.011553,2048,1536,23.66,17.75,35.00
ARRI,ALEXA XR Studio,16:9 Mode 3.2K,1.7795,23.72,0.008262,3164,1778,26.14,14.70,35.00
ARRI,ALEXA XR Studio,16:9 Mode 2.8K,1.7778,21.63,0.008250,2880,1620,23.76,13.37,35.00
ARRI,ALEXA XR Studio,16:9 Mode 2K,1.7778,21.55,0.011553,2048,1152,23.66,13.32,35.00
ARRI,ALEXA XR Studio,16:9 Mode HD,1.7778,21.63,0.012375,1920,1080,23.76,13.37,35.00
ARRI,ALEXA XT,Open Gate Mode Open Gate,1.5532,29.10,0.008275,3414,2198,28.25,18.17,35.00
ARRI,ALEXA XT,4:3 Mode Full,1.3333,28.56,0.008250,2880,2160,23.76,17.82,35.00
ARRI,ALEXA XT,4:3 Mode Cropped,1.1935,28.56,0.008251,2578,2160,21.27,17.82,35.00
ARRI,ALEXA XT,4:3 Mode 2K,1.3333,28.46,0.011553,2048,1536,23.66,17.75,35.00
ARRI,ALEXA XT,16:9 Mode 3.2K,1.7795,23.72,0.008262,3164,1778,26.14,14.70,35.00
ARRI,ALEXA XT,16:9 Mode 2.8K,1.7778,21.63,0.008250,2880,1620,23.76,13.37,35.00
ARRI,ALEXA XT,16:9 Mode 2K,1.7778,21.55,0.011553,2048,1152,23.66,13.32,35.00
ARRI,ALEXA XT,16:9 Mode HD,1.7778,21.63,0.012375,1920,1080,23.76,13.37,35.00
ARRI,ALEXA XT B+W,Open Gate Mode Open Gate,1.5532,29.10,0.008275,3414,2198,28.25,18.17,35.00
ARRI,ALEXA XT B+W,4:3 Mode Full,1.3333,28.56,0.008250,2880,2160,23.76,17.82,35.00
ARRI,ALEXA XT B+W,4:3 Mode Cropped,1.1935,28.56,0.008251,2578,2160,21.27,17.82,35.00
ARRI,ALEXA XT B+W,4:3 Mode 2K,1.3333,28.46,0.011553,2048,1536,23.66,17.75,35.00
ARRI,ALEXA XT B+W,16:9 Mode 3.2K,1.7795,23.72,0.008262,3164,1778,26.14,14.70,35.00
ARRI,ALEXA XT B+W,16:9 Mode 2.8K,1.7778,21.63,0.008250,2880,1620,23.76,13.37,35.00
ARRI,ALEXA XT B+W,16:9 Mode 2K,1.7778,21.55,0.011553,2048,1152,23.66,13.32,35.00
ARRI,ALEXA XT B+W,16:9 Mode HD,1.7778,21.63,0.012375,1920,1080,23.76,13.37,35.00
ARRI,ALEXA XT M,Open Gate Mode Open Gate,1.5532,29.10,0.008275,3414,2198,28.25,18.17,35.00
ARRI,ALEXA XT M,4:3 Mode Full,1.3333,28.56,0.008250,2880,2160,23.76,17.82,35.00
ARRI,ALEXA XT M,4:3 Mode Cropped,1.1935,28.56,0.008251,2578,2160,21.27,17.82,35.00
ARRI,ALEXA XT M,4:3 Mode 2K,1.3333,28.46,0.011553,2048,1536,23.66,17.75,35.00
ARRI,ALEXA XT M,16:9 Mode 3.2K,1.7795,23.72,0.008262,3164,1778,26.14,14.70,35.00
ARRI,ALEXA XT M,16:9 Mode 2.8K,1.7778,21.63,0.008250,2880,1620,23.76,13.37,35.00
ARRI,ALEXA XT M,16:9 Mode 2K,1.7778,21.55,0.011553,2048,1152,23.66,13.32,35.00
ARRI,ALEXA XT M,16:9 Mode HD,1.7778,21.63,0.012375,1920,1080,23.76,13.37,35.00
ARRI,ALEXA XT Plus,Open Gate Mode Open Gate,1.5532,29.10,0.008275,3414,2198,28.25,18.17,35.00
ARRI,ALEXA XT Plus,4:3 Mode Full,1.3333,28.56,0.008250,2880,2160,23.76,17.82,35.00
ARRI,ALEXA XT Plus,4:3 Mode Cropped,1.1935,28.56,0.008251,2578,2160,21.27,17.82,35.00
ARRI,ALEXA XT Plus,4:3 Mode 2K,1.3333,28.46,0.011553,2048,1536,23.66,17.75,35.00
ARRI,ALEXA XT Plus,16:9 Mode 3.2K,1.7795,23.72,0.008262,3164,1778,26.14,14.70,35.00
ARRI,ALEXA XT Plus,16:9 Mode 2.8K,1.7778,21.63,0.008250,2880,1620,23.76,13.37,35.00
ARRI,ALEXA XT Plus,16:9 Mode 2K,1.7778,21.55,0.011553,2048,1152,23.66,13.32,35.00
ARRI,ALEXA XT Plus,16:9 Mode HD,1.7778,21.63,0.012375,1920,1080,23.76,13.37,35.00
ARRI,ALEXA XT Studio,Open Gate Mode Open Gate,1.5532,29.10,0.008275,3414,2198,28.25,18.17,35.00
ARRI,ALEXA XT Studio,4:3 Mode Full,1.3333,28.56,0.008250,2880,2160,23.76,17.82,35.00
ARRI,ALEXA XT Studio,4:3 Mode Cropped,1.1935,28.56,0.008251,2578,2160,21.27,17.82,35.00
ARRI,ALEXA XT Studio,4:3 Mode 2K,1.3333,28.46,0.011553,2048,1536,23.66,17.75,35.00
ARRI,ALEXA XT Studio,16:9 Mode 3.2K,1.7795,23.72,0.008262,3164,1778,26.14,14.70,35.00
ARRI,ALEXA XT Studio,16:9 Mode 2.8K,1.7778,21.63,0.008250,2880,1620,23.76,13.37,35.00
ARRI,ALEXA XT Studio,16:9 Mode 2K,1.7778,21.55,0.011553,2048,1152,23.66,13.32,35.00
ARRI,ALEXA XT Studio,16:9 Mode HD,1.7778,21.63,0.012375,1920,1080,23.76,13.37,35.00
ARRI,AMIRA,4K UHD,1.7778,23.95,0.006875,3840,2160,26.40,14.85,35.00
ARRI,AMIRA,3.4K Open Gate,1.5550,29.10,0.008251,3424,2202,28.25,18.17,35.00
ARRI,AMIRA,3.2K,1.7778,23.95,0.008250,3200,1800,26.40,14.85,35.00
ARRI,AMIRA,2.8K,1.7778,28.56,0.008250,2880,1620,23.76,17.82,35.00
ARRI,AMIRA,2K,1.7778,21.52,0.011553,2048,1152,23.66,13.30,35.00
ARRI,AMIRA,HD,1.7778,21.63,0.012375,1920,1080,23.76,13.37,35.00
ARRI,AMIRA,S16 HD,1.7778,12.11,0.006875,1920,1080,13.20,7.42,35.00
ARRI,AMIRA Advanced,4K UHD,1.7778,23.95,0.006875,3840,2160,26.40,14.85,35.00
ARRI,AMIRA Advanced,3.4K Open Gate,1.5550,29.10,0.008251,3424,2202,28.25,18.17,35.00
ARRI,AMIRA Advanced,3.2K,1.7778,23.95,0.008250,3200,1800,26.40,14.85,35.00
ARRI,AMIRA Advanced,2.8K,1.7778,28.56,0.008250,2880,1620,23.76,17.82,35.00
ARRI,AMIRA Advanced,2K,1.7778,21.52,0.011553,2048,1152,23.66,13.30,35.00
ARRI,AMIRA Advanced,HD,1.7778,21.63,0.012375,1920,1080,23.76,13.37,35.00
ARRI,AMIRA Advanced,S16 HD,1.7778,12.11,0.006875,1920,1080,13.20,7.42,35.00
ARRI,AMIRA Premium,4K UHD,1.7778,23.95,0.006875,3840,2160,26.40,14.85,35.00
ARRI,AMIRA Premium,3.4K Open Gate,1.5550,29.10,0.008251,3424,2202,28.25,18.17,35.00
ARRI,AMIRA Premium,3.2K,1.7778,23.95,0.008250,3200,1800,26.40,14.85,35.00
ARRI,AMIRA Premium,2.8K,1.7778,28.56,0.008250,2880,1620,23.76,17.82,35.00
ARRI,AMIRA Premium,2K,1.7778,21.52,0.011553,2048,1152,23.66,13.30,35.00
ARRI,AMIRA Premium,HD,1.7778,21.63,0.012375,1920,1080,23.76,13.37,35.00
ARRI,AMIRA Premium,S16 HD,1.7778,12.11,0.006875,1920,1080,13.20,7.42,35.00
Blackmagic,Cinema Camera 6K,6K 3:2,1.5000,37.85,0.005952,6048,4032,36.00,24.00,35.00
Blackmagic,Cinema Camera 6K,6K 17:9,1.8900,30.44,0.005952,6048,3200,36.00,19.05,35.00
Blackmagic,Cinema Camera 6K,6K 2.4:1,2.4000,24.19,0.005952,6048,2520,36.00,15.00,35.00
Blackmagic,Cinema Camera 6K,4K 6:5,1.1984,37.85,0.005952,4832,4032,28.76,24.00,35.00
Blackmagic,Cinema Camera 6K,4K 4:3,1.3333,29.28,0.005952,4096,3072,24.38,18.29,35.00
Blackmagic,Cinema Camera 6K,4K 17:9,1.8963,20.82,0.005952,4096,2160,24.38,12.86,35.00
Blackmagic,Cinema Camera 6K,2K 16:9,1.7838,11.50,0.005952,2112,1184,12.57,7.05,35.00
Blackmagic,Cinema Camera 6K,HD 16:9,1.7778,10.49,0.005953,1920,1080,11.43,6.43,35.00
Blackmagic,PYXIS 6K,6K 3:2,1.5000,37.85,0.005952,6048,4032,36.00,24.00,35.00
Blackmagic,PYXIS 6K,6K 17:9,1.8900,30.44,0.005952,6048,3200,36.00,19.05,35.00
Blackmagic,PYXIS 6K,6K 2.4:1,2.4000,24.19,0.005952,6048,2520,36.00,15.00,35.00
Blackmagic,PYXIS 6K,4K 6:5,1.1984,37.85,0.005952,4832,4032,28.76,24.00,35.00
Blackmagic,PYXIS 6K,4K 4:3,1.3333,29.28,0.005952,4096,3072,24.38,18.29,35.00
Blackmagic,PYXIS 6K,4K 17:9,1.8963,20.82,0.005952,4096,2160,24.38,12.86,35.00
Blackmagic,PYXIS 6K,2K 16:9,1.7838,11.50,0.005952,2112,1184,12.57,7.05,35.00
Blackmagic,PYXIS 6K,HD 16:9,1.7778,10.49,0.005953,1920,1080,11.43,6.43,35.00
Blackmagic,Pocket Cinema Camera 6K (Pro/G2),6K 16:9,1.7778,21.03,0.003760,6144,3456,23.10,12.99,35.00
Blackmagic,Pocket Cinema Camera 6K (Pro/G2),6K 2.4:1,2.4000,15.65,0.003760,6144,2560,23.10,9.62,35.00
Blackmagic,Pocket Cinema Camera 6K (Pro/G2),5.7K 17:9,1.8995,18.45,0.003760,5744,3024,21.60,11.37,35.00
Blackmagic,Pocket Cinema Camera 6K (Pro/G2),4K DCI,1.8963,13.23,0.003760,4096,2160,15.40,8.12,35.00
Blackmagic,Pocket Cinema Camera 6K (Pro/G2),UHD 16:9,1.7778,13.23,0.003760,3840,2160,14.44,8.12,35.00
Blackmagic,Pocket Cinema Camera 6K (Pro/G2),3.7K 6:5,1.2010,18.93,0.003760,3728,3104,14.02,11.67,35.00
Blackmagic,Pocket Cinema Camera 6K (Pro/G2),2.8K 17:9,1.9048,9.28,0.003760,2880,1512,10.83,5.68,35.00
Blackmagic,Pocket Cinema Camera 6K (Pro/G2),HD 16:9,1.7778,6.64,0.003760,1920,1080,7.22,4.06,35.00
Blackmagic,URSA Mini Pro 4.6K,4.6K 16:9,1.7778,23.01,0.005499,4608,2592,25.34,14.25,35.00
Blackmagic,URSA Mini Pro 4.6K,4.6K 2.40:1,2.4000,17.14,0.005499,4608,1920,25.34,10.55,35.00
Blackmagic,URSA Mini Pro 4.6K,4K 16:9,1.7778,20.50,0.005498,4096,2304,22.52,12.66,35.00
Blackmagic,URSA Mini Pro 4.6K,4K DCI,1.8963,19.25,0.005498,4096,2160,22.52,11.87,35.00
Blackmagic,URSA Mini Pro 4.6K,Ultra HD,1.7778,19.25,0.005500,3840,2160,21.12,11.87,35.00
Blackmagic,URSA Mini Pro 4.6K,3K Anamorphic,1.2000,22.73,0.005498,3072,2560,16.89,14.07,35.00
Blackmagic,URSA Mini Pro 4.6K,2K 16:9,1.7778,10.33,0.005498,2048,1152,11.26,6.33,35.00
Blackmagic,URSA Mini Pro 4.6K,2K DCI,1.8963,9.68,0.005498,2048,1080,11.26,5.93,35.00
Blackmagic,URSA Mini Pro 4.6K,HD,1.7778,9.68,0.005495,1920,1080,10.55,5.93,35.00
Blackmagic,URSA Mini Pro 4.6K G2,4.6K 16:9,1.7778,23.01,0.005499,4608,2592,25.34,14.25,35.00
Blackmagic,URSA Mini Pro 4.6K G2,4.6K 2.40:1,2.4000,17.14,0.005499,4608,1920,25.34,10.55,35.00
Blackmagic,URSA Mini Pro 4.6K G2,4K 16:9,1.7778,20.50,0.005498,4096,2304,22.52,12.66,35.00
Blackmagic,URSA Mini Pro 4.6K G2,4K DCI,1.8963,19.25,0.005498,4096,2160,22.52,11.87,35.00
Blackmagic,URSA Mini Pro 4.6K G2,Ultra HD,1.7778,19.25,0.005500,3840,2160,21.12,11.87,35.00
Blackmagic,URSA Mini Pro 4.6K G2,3K Anamorphic,1.2000,22.73,0.005498,3072,2560,16.89,14.07,35.00
Blackmagic,URSA Mini Pro 4.6K G2,2K 16:9,1.7778,10.33,0.005498,2048,1152,11.26,6.33,35.00
Blackmagic,URSA Mini Pro 4.6K G2,2K DCI,1.8963,9.68,0.005498,2048,1080,11.26,5.93,35.00
Blackmagic,URSA Mini Pro 4.6K G2,HD,1.7778,9.68,0.005495,1920,1080,10.55,5.93,35.00
Canon,EOS C500,4K 17:9 Mode,1.8963,22.34,0.006399,4096,2160,26.21,13.82,35.00
Canon,EOS C500,4K 16:9 Mode,1.7778,22.34,0.006401,3840,2160,24.58,13.82,35.00
Canon,EOS C500,2K 17:9 Mode,1.8963,22.34,0.012798,2048,1080,26.21,13.82,35.00
Canon,EOS C500,2K 16:9 Mode,1.7778,22.34,0.012802,1920,1080,24.58,13.82,35.00
DJI,Zenmuse X7,CinemaDNG 6016 x 3200,1.8800,20.25,0.003906,6016,3200,23.50,12.50,35.00
DJI,Zenmuse X7,CinemaDNG 5760 x 3240,1.7778,20.57,0.003906,5760,3240,22.50,12.70,35.00
DJI,Zenmuse X7,CinemaDNG 4096 x 2160,1.8963,20.25,0.005737,4096,2160,23.50,12.50,35.00
DJI,Zenmuse X7,CinemaDNG 3944 x 2088,1.8889,13.36,0.003905,3944,2088,15.40,8.20,35.00
DJI,Zenmuse X7,CinemaDNG 3840 x 2160,1.7778,20.57,0.005859,3840,2160,22.50,12.70,35.00
DJI,Zenmuse X7,CinemaDNG 3712 x 2088,1.7778,13.36,0.003906,3712,2088,14.50,8.20,35.00
DJI,Zenmuse X7,Apple ProRes 4444 XQ 3840 x 2160,1.7778,20.57,0.005859,3840,2160,22.50,12.70,35.00
DJI,Zenmuse X7,Apple ProRes 4444 XQ 2048 x 1080,1.8963,13.36,0.007520,2048,1080,15.40,8.20,35.00
DJI,Zenmuse X7,Apple ProRes 4444 XQ 1920 x 1080,1.7778,13.36,0.007552,1920,1080,14.50,8.20,35.00
DJI,Zenmuse X7,Apple ProRes 422 HQ 5280 x 2160,2.4444,15.62,0.004451,5280,2160,23.50,9.60,35.00
DJI,Zenmuse X7,Apple ProRes 422 HQ 4096 x 2160,1.8963,20.25,0.005737,4096,2160,23.50,12.50,35.00
DJI,Zenmuse X7,Apple ProRes 422 HQ 3840 x 2160,1.7778,20.57,0.005859,3840,2160,22.50,12.70,35.00
DJI,Zenmuse X7,Apple ProRes 422 HQ 2704 x 1520,1.7789,13.36,0.005362,2704,1520,14.50,8.20,35.00
DJI,Zenmuse X7,Apple ProRes 422 HQ 2048 x 1080,1.8963,13.36,0.007520,2048,1080,15.40,8.20,35.00
DJI,Zenmuse X7,Apple ProRes 422 HQ 1920 x 1080,1.7778,13.36,0.007552,1920,1080,14.50,8.20,35.00
DJI,Zenmuse X7,H.265 4096 x 2160,1.8963,20.25,0.005737,4096,2160,23.50,12.50,35.00
DJI,Zenmuse X7,H.265 3840 x 2160,1.7778,20.57,0.005859,3840,2160,22.50,12.70,35.00
DJI,Zenmuse X7,H.265 3840 x 1572,2.4427,15.62,0.006120,3840,1572,23.50,9.60,35.00
DJI,Zenmuse X7,H.265 2720 x 1530,1.7778,20.57,0.008272,2720,1530,22.50,12.70,35.00
DJI,Zenmuse X7,H.265 1920 x 1080,1.7778,20.57,0.011719,1920,1080,22.50,12.70,35.00
DJI,Zenmuse X7,H.264 4096 x 2160,1.8963,20.25,0.005737,4096,2160,23.50,12.50,35.00
DJI,Zenmuse X7,H.264 3840 x 2160,1.7778,20.57,0.005859,3840,2160,22.50,12.70,35.00
DJI,Zenmuse X7,H.264 3840 x 1572,2.4427,15.62,0.006120,3840,1572,23.50,9.60,35.00
DJI,Zenmuse X7,H.264 2720 x 1530,1.7778,20.57,0.008272,2720,1530,22.50,12.70,35.00
DJI,Zenmuse X7,H.264 1920 x 1080,1.7778,20.57,0.011719,1920,1080,22.50,12.70,35.00
DJI,Zenmuse X9-6K,16:9 Full Frame,1.7778,30.07,0.005948,5632,3168,33.50,18.80,35.00
DJI,Zenmuse X9-6K,17:9 Full Frame,1.8965,30.07,0.005942,6008,3168,35.70,18.80,35.00
DJI,Zenmuse X9-6K,16:9 Full Frame 50FPS,1.7755,29.76,0.005945,5568,3136,33.10,18.60,35.00
DJI,Zenmuse X9-6K,17:9 Full Frame 50FPS,1.8980,29.76,0.005948,5952,3136,35.40,18.60,35.00
DJI,Zenmuse X9-6K,2.39:1 Full Frame,2.3917,24.03,0.005942,6008,2512,35.70,14.90,35.00
DJI,Zenmuse X9-6K,16:9 Super 35,1.7778,20.72,0.005938,3840,2160,22.80,12.80,35.00
DJI,Zenmuse X9-6K,17:9 Super 35,1.8963,20.72,0.005933,4096,2160,24.30,12.80,35.00
DJI,Zenmuse X9-6K,2.39:1 Super 35,2.3925,16.58,0.005933,4096,1712,24.30,10.20,35.00
DJI,Zenmuse X9-8K,16:9 Full Frame,1.7778,30.37,0.004401,7680,4320,33.80,19.00,35.00
DJI,Zenmuse X9-8K,17:9 Full Frame,1.8963,30.37,0.004395,8192,4320,36.00,19.00,35.00
DJI,Zenmuse X9-8K,2.39:1 Full Frame,2.3925,24.35,0.004395,8192,3424,36.00,15.10,35.00
DJI,Zenmuse X9-8K,16:9 Super 35,1.7778,21.04,0.004402,5248,2952,23.10,13.00,35.00
DJI,Zenmuse X9-8K,17:9 Super 35,1.8862,21.04,0.004400,5568,2952,24.50,13.00,35.00
Fujifilm,X-H2s,6.2K 3:2,1.5000,25.13,0.003766,6240,4160,23.50,15.60,35.00
Fujifilm,X-H2s,4.8K 16:9,1.7771,16.63,0.003766,4848,2728,18.26,10.23,35.00
Panavision,Millennium DXL,8K Open Gate,1.8963,34.30,0.005000,8192,4320,40.96,21.60,35.00
Panavision,Millennium DXL,7.5K,1.8824,32.50,0.005000,7680,4080,38.40,20.40,35.00
Panavision,Millennium DXL,7K,1.8963,30.22,0.005000,7168,3780,35.84,18.90,35.00
Panavision,Millennium DXL,6.5K,1.8824,28.35,0.005000,6656,3536,33.28,17.68,35.00
Panavision,Millennium DXL,6K,1.8963,26.06,0.005000,6144,3240,30.72,16.20,35.00
Panavision,Millennium DXL,5K,1.8963,21.83,0.005000,5120,2700,25.60,13.50,35.00
Panavision,Millennium DXL,4K,1.8963,17.54,0.005000,4096,2160,20.48,10.80,35.00
Panavision,Millennium DXL,3K,1.8963,13.20,0.005000,3072,1620,15.36,8.10,35.00
Panavision,Millennium DXL,2K,1.8963,8.82,0.005000,2048,1080,10.24,5.40,35.00
Panavision,Millennium DXL,1.78:1 Mode 8K Open Gate,1.8963,34.30,0.005000,8192,4320,40.96,21.60,35.00
Panavision,Millennium DXL,1.78:1 Mode 8K,1.7778,34.30,0.005000,7680,4320,38.40,21.60,35.00
Panavision,Millennium DXL,1.78:1 Mode 7.5K,1.7778,32.68,0.005000,7296,4104,36.48,20.52,35.00
Panavision,Millennium DXL,1.78:1 Mode 7K,1.7778,30.22,0.005000,6720,3780,33.60,18.90,35.00
Panavision,Millennium DXL,1.78:1 Mode 6.5K,1.7778,27.73,0.005000,6144,3456,30.72,17.28,35.00
Panavision,Millennium DXL,1.78:1 Mode 6K,1.7778,26.06,0.005000,5760,3240,28.80,16.20,35.00
Panavision,Millennium DXL,1.78:1 Mode 5K,1.7778,21.83,0.005000,4800,2700,24.00,13.50,35.00
Panavision,Millennium DXL,1.78:1 Mode 4K,1.7778,17.54,0.005000,3840,2160,19.20,10.80,35.00
Panavision,Millennium DXL,2.4:1 WS Mode 8K Open Gate,1.8963,34.30,0.005000,8192,4320,40.96,21.60,35.00
Panavision,Millennium DXL,2.4:1 WS Mode 8K,2.3704,27.73,0.005000,8192,3456,40.96,17.28,35.00
Panavision,Millennium DXL,2.4:1 WS Mode 7.5K,2.3704,26.06,0.005000,7680,3240,38.40,16.20,35.00
Panavision,Millennium DXL,2.4:1 WS Mode 7K,2.3704,24.38,0.005000,7168,3024,35.84,15.12,35.00
Panavision,Millennium DXL,2.4:1 WS Mode 6.5K,2.3704,22.68,0.005000,6656,2808,33.28,14.04,35.00
Panavision,Millennium DXL,2.4:1 WS Mode 6K,2.3704,20.98,0.005000,6144,2592,30.72,12.96,35.00
Panavision,Millennium DXL,2.4:1 WS Mode 5K,2.3704,17.54,0.005000,5120,2160,25.60,10.80,35.00
Panavision,Millennium DXL,2.4:1 WS Mode 4K,2.3704,14.07,0.005000,4096,1728,20.48,8.64,35.00
Panavision,Millennium DXL,2.4:1 WS Mode 3K,2.3704,10.58,0.005000,3072,1296,15.36,6.48,35.00
Panavision,Millennium DXL,2.4:1 WS Mode 2K,2.3704,7.06,0.005000,2048,864,10.24,4.32,35.00
Panavision,Millennium DXL,Anamorphic 6:5 Mode 8K Open Gate,1.8963,34.30,0.005000,8192,4320,40.96,21.60,35.00
Panavision,Millennium DXL,Anamorphic 6:5 Mode 8K,1.2000,34.30,0.005000,5184,4320,25.92,21.60,35.00
Panavision,Millennium DXL,Anamorphic 6:5 Mode 7K,1.2000,30.22,0.005000,4536,3780,22.68,18.90,35.00
Panavision,Millennium DXL,Anamorphic 6:5 Mode 6K,1.2000,26.06,0.005000,3888,3240,19.44,16.20,35.00
Panavision,Millennium DXL,Anamorphic 6:5 Mode 5K,1.2000,21.83,0.005000,3240,2700,16.20,13.50,35.00
Panavision,Millennium DXL,Anamorphic 6:5 Mode 4K,1.2000,17.54,0.005000,2592,2160,12.96,10.80,35.00
Panavision,Millennium DXL2,1.9:1 Mode 8K Open Gate,1.8963,34.30,0.005000,8192,4320,40.96,21.60,35.00
Panavision,Millennium DXL2,1.9:1 Mode 7.5K,1.8824,32.50,0.005000,7680,4080,38.40,20.40,35.00
Panavision,Millennium DXL2,1.9:1 Mode 7K,1.8963,30.22,0.005000,7168,3780,35.84,18.90,35.00
Panavision,Millennium DXL2,1.9:1 Mode 6.5K,1.8824,28.35,0.005000,6656,3536,33.28,17.68,35.00
Panavision,Millennium DXL2,1.9:1 Mode 6K,1.8963,26.06,0.005000,6144,3240,30.72,16.20,35.00
Panavision,Millennium DXL2,1.9:1 Mode 5K,1.8963,21.83,0.005000,5120,2700,25.60,13.50,35.00
Panavision,Millennium DXL2,1.9:1 Mode 4K,1.8963,17.54,0.005000,4096,2160,20.48,10.80,35.00
Panavision,Millennium DXL2,1.9:1 Mode 3K,1.8963,13.20,0.005000,3072,1620,15.36,8.10,35.00
Panavision,Millennium DXL2,1.9:1 Mode 2K,1.8963,8.82,0.005000,2048,1080,10.24,5.40,35.00
Panavision,Millennium DXL2,1.78:1 Mode 8K Open Gate,1.8963,34.30,0.005000,8192,4320,40.96,21.60,35.00
Panavision,Millennium DXL2,1.78:1 Mode 8K,1.7778,34.30,0.005000,7680,4320,38.40,21.60,35.00
Panavision,Millennium DXL2,1.78:1 Mode 7.5K,1.7778,32.68,0.005000,7296,4104,36.48,20.52,35.00
Panavision,Millennium DXL2,1.78:1 Mode 7K,1.7778,30.22,0.005000,6720,3780,33.60,18.90,35.00
Panavision,Millennium DXL2,1.78:1 Mode 6.5K,1.7778,27.73,0.005000,6144,3456,30.72,17.28,35.00
Panavision,Millennium DXL2,1.78:1 Mode 6K,1.7778,26.06,0.005000,5760,3240,28.80,16.20,35.00
Panavision,Millennium DXL2,1.78:1 Mode 5K,1.7778,21.83,0.005000,4800,2700,24.00,13.50,35.00
Panavision,Millennium DXL2,1.78:1 Mode 4K,1.7778,17.54,0.005000,3840,2160,19.20,10.80,35.00
Panavision,Millennium DXL2,2.4:1 WS Mode 8K Open Gate,1.8963,34.30,0.005000,8192,4320,40.96,21.60,35.00
Panavision,Millennium DXL2,2.4:1 WS Mode 8K,2.3704,27.73,0.005000,8192,3456,40.96,17.28,35.00
Panavision,Millennium DXL2,2.4:1 WS Mode 7.5K,2.3704,26.06,0.005000,7680,3240,38.40,16.20,35.00
Panavision,Millennium DXL2,2.4:1 WS Mode 7K,2.3704,24.38,0.005000,7168,3024,35.84,15.12,35.00
Panavision,Millennium DXL2,2.4:1 WS Mode 6.5K,2.3704,22.68,0.005000,6656,2808,33.28,14.04,35.00
Panavision,Millennium DXL2,2.4:1 WS Mode 6K,2.3704,20.98,0.005000,6144,2592,30.72,12.96,35.00
Panavision,Millennium DXL2,2.4:1 WS Mode 5K,2.3704,17.54,0.005000,5120,2160,25.60,10.80,35.00
Panavision,Millennium DXL2,2.4:1 WS Mode 4K,2.3704,14.07,0.005000,4096,1728,20.48,8.64,35.00
Panavision,Millennium DXL2,2.4:1 WS Mode 3K,2.3704,10.58,0.005000,3072,1296,15.36,6.48,35.00
Panavision,Millennium DXL2,2.4:1 WS Mode 2K,2.3704,7.06,0.005000,2048,864,10.24,4.32,35.00
Panavision,Millennium DXL2,Anamorphic 6:5 Mode 8K Open Gate,1.8963,34.30,0.005000,8192,4320,40.96,21.60,35.00
Panavision,Millennium DXL2,Anamorphic 6:5 Mode 8K,1.2000,34.30,0.005000,5184,4320,25.92,21.60,35.00
Panavision,Millennium DXL2,Anamorphic 6:5 Mode 7K,1.2000,30.22,0.005000,4536,3780,22.68,18.90,35.00
Panavision,Millennium DXL2,Anamorphic 6:5 Mode 6K,1.2000,26.06,0.005000,3888,3240,19.44,16.20,35.00
Panavision,Millennium DXL2,Anamorphic 6:5 Mode 5K,1.2000,21.83,0.005000,3240,2700,16.20,13.50,35.00
Panavision,Millennium DXL2,Anamorphic 6:5 Mode 4K,1.2000,17.54,0.005000,2592,2160,12.96,10.80,35.00
RED,EPIC MYSTERIUM-X 5K S35,5K FF,1.8963,23.53,0.005400,5120,2700,27.65,14.58,35.00
RED,EPIC MYSTERIUM-X 5K S35,5K HD,1.7778,23.53,0.005400,4800,2700,25.92,14.58,35.00
RED,EPIC MYSTERIUM-X 5K S35,5K 2:1,2.0000,22.35,0.005400,5120,2560,27.65,13.83,35.00
RED,EPIC MYSTERIUM-X 5K S35,5K WS,2.3704,18.91,0.005400,5120,2160,27.65,11.66,35.00
RED,EPIC MYSTERIUM-X 5K S35,5K ANA,1.3333,23.53,0.005400,3600,2700,19.44,14.58,35.00
RED,EPIC MYSTERIUM-X 5K S35,4K,1.8963,18.91,0.005400,4096,2160,22.12,11.66,35.00
RED,EPIC MYSTERIUM-X 5K S35,4K HD,1.7778,18.91,0.005401,3840,2160,20.74,11.66,35.00
RED,EPIC MYSTERIUM-X 5K S35,4K 2:1,2.0000,17.96,0.005400,4096,2048,22.12,11.06,35.00
RED,EPIC MYSTERIUM-X 5K S35,4K WS,2.4009,14.99,0.005400,4096,1706,22.12,9.21,35.00
RED,EPIC MYSTERIUM-X 5K S35,3K,1.8963,14.25,0.005400,3072,1620,16.59,8.75,35.00
RED,EPIC MYSTERIUM-X 5K S35,3K HD,1.7778,14.25,0.005399,2880,1620,15.55,8.75,35.00
RED,EPIC MYSTERIUM-X 5K S35,3K 2:1,2.0000,13.51,0.005400,3072,1536,16.59,8.29,35.00
RED,EPIC MYSTERIUM-X 5K S35,3K WS,2.4000,11.28,0.005400,3072,1280,16.59,6.91,35.00
RED,EPIC MYSTERIUM-X 5K S35,2K,1.8963,9.52,0.005400,2048,1080,11.06,5.83,35.00
RED,EPIC MYSTERIUM-X 5K S35,2K HD,1.7778,9.52,0.005401,1920,1080,10.37,5.83,35.00
RED,EPIC MYSTERIUM-X 5K S35,2K 2:1,2.0000,9.05,0.005400,2048,1024,11.06,5.54,35.00
RED,EPIC MYSTERIUM-X 5K S35,2K WS,2.3981,7.54,0.005400,2048,854,11.06,4.61,35.00
RED,EPIC MYSTERIUM-X 5K S35,1K HD,1.7778,6.35,0.005398,1280,720,6.91,3.88,35.00
RED,EPIC MYSTERIUM-X 5K S35,1K WS,2.6667,4.24,0.005398,1280,480,6.91,2.59,35.00
RED,EPIC-W 5K,5K 1.7:1,1.7067,28.84,0.006000,5120,3000,30.72,18.00,35.00
RED,EPIC-W 5K,5K FF,1.8963,26.06,0.006000,5120,2700,30.72,16.20,35.00
RED,EPIC-W 5K,5K 2:1,2.0000,24.75,0.006000,5120,2560,30.72,15.36,35.00
RED,EPIC-W 5K,5K WS,2.3704,20.98,0.006000,5120,2160,30.72,12.96,35.00
RED,EPIC-W 5K,5K HD,1.7778,26.06,0.006000,4800,2700,28.80,16.20,35.00
RED,EPIC-W 5K,4.5K FF,1.9104,23.36,0.006000,4608,2412,27.65,14.47,35.00
RED,EPIC-W 5K,4.5K 2:1,2.0000,22.34,0.006000,4608,2304,27.65,13.82,35.00
RED,EPIC-W 5K,4.5K WS,2.3704,18.91,0.006000,4608,1944,27.65,11.66,35.00
RED,EPIC-W 5K,4.5K HD,1.8182,23.03,0.006000,4320,2376,25.92,14.26,35.00
RED,EPIC-W 5K,4K FF,1.8963,20.98,0.006001,4096,2160,24.58,12.96,35.00
RED,EPIC-W 5K,4K 2:1,2.0000,19.92,0.006001,4096,2048,24.58,12.29,35.00
RED,EPIC-W 5K,4K WS,2.3704,16.85,0.006001,4096,1728,24.58,10.37,35.00
RED,EPIC-W 5K,4K HD,1.7778,20.98,0.006000,3840,2160,23.04,12.96,35.00
RED,EPIC-W 5K,3.5K FF,1.9104,18.28,0.005999,3584,1876,21.50,11.26,35.00
RED,EPIC-W 5K,3.5K 2:1,2.0000,17.46,0.005999,3584,1792,21.50,10.75,35.00
RED,EPIC-W 5K,3.5K WS,2.3704,14.77,0.005999,3584,1512,21.50,9.07,35.00
RED,EPIC-W 5K,3.5K HD,1.7778,18.91,0.006001,3456,1944,20.74,11.66,35.00
RED,EPIC-W 5K,3K FF,1.8963,15.81,0.005999,3072,1620,18.43,9.72,35.00
RED,EPIC-W 5K,3K 2:1,2.0000,15.01,0.005999,3072,1536,18.43,9.22,35.00
RED,EPIC-W 5K,3K WS,2.3704,12.68,0.005999,3072,1296,18.43,7.78,35.00
RED,EPIC-W 5K,3K HD,1.7778,15.81,0.006000,2880,1620,17.28,9.72,35.00
RED,EPIC-W 5K,2.5K FF,1.9104,13.10,0.006000,2560,1340,15.36,8.04,35.00
RED,EPIC-W 5K,2.5K 2:1,2.0000,12.52,0.006000,2560,1280,15.36,7.68,35.00
RED,EPIC-W 5K,2.5K WS,2.3704,10.58,0.006000,2560,1080,15.36,6.48,35.00
RED,EPIC-W 5K,2.5K HD,1.7778,12.68,0.005998,2304,1296,13.82,7.78,35.00
RED,EPIC-W 5K,2K FF,1.8963,10.58,0.006001,2048,1080,12.29,6.48,35.00
RED,EPIC-W 5K,2K 2:1,2.0000,10.03,0.006001,2048,1024,12.29,6.14,35.00
RED,EPIC-W 5K,2K WS,2.3704,8.46,0.006001,2048,864,12.29,5.18,35.00
RED,EPIC-W 5K,2K HD,1.7778,10.58,0.006000,1920,1080,11.52,6.48,35.00
RED,EPIC-W 8K,8K FF,1.8963,25.39,0.003650,8192,4320,29.90,15.77,35.00
RED,EPIC-W 8K,8K 2:1,2.0000,24.11,0.003650,8192,4096,29.90,14.95,35.00
RED,EPIC-W 8K,8K WS,2.3704,20.42,0.003650,8192,3456,29.90,12.61,35.00
RED,EPIC-W 8K,8K HD,1.7778,25.39,0.003650,7680,4320,28.03,15.77,35.00
RED,EPIC-W 8K,7.5K FF,1.8824,24.02,0.003650,7680,4080,28.03,14.89,35.00
RED,EPIC-W 8K,7.5K 2:1,2.0000,22.65,0.003650,7680,3840,28.03,14.02,35.00
RED,EPIC-W 8K,7.5K WS,2.3704,19.18,0.003650,7680,3240,28.03,11.83,35.00
RED,EPIC-W 8K,7.5K HD,1.7778,24.16,0.003650,7296,4104,26.63,14.98,35.00
RED,EPIC-W 8K,7K FF,1.8963,22.30,0.003650,7168,3780,26.16,13.80,35.00
RED,EPIC-W 8K,7K 2:1,2.0000,21.17,0.003650,7168,3584,26.16,13.08,35.00
RED,EPIC-W 8K,7K WS,2.3704,17.93,0.003650,7168,3024,26.16,11.04,35.00
RED,EPIC-W 8K,7K HD,1.7778,22.30,0.003650,6720,3780,24.53,13.80,35.00
RED,EPIC-W 8K,6.5K FF,1.8824,20.90,0.003649,6656,3536,24.29,12.91,35.00
RED,EPIC-W 8K,6.5K 2:1,2.0000,19.69,0.003649,6656,3328,24.29,12.15,35.00
RED,EPIC-W 8K,6.5K WS,2.3704,16.66,0.003649,6656,2808,24.29,10.25,35.00
RED,EPIC-W 8K,6.5K HD,1.7778,20.42,0.003651,6144,3456,22.43,12.61,35.00
RED,EPIC-W 8K,6K FF,1.8963,19.18,0.003651,6144,3240,22.43,11.83,35.00
RED,EPIC-W 8K,6K 2:1,2.0000,18.20,0.003651,6144,3072,22.43,11.21,35.00
RED,EPIC-W 8K,6K WS,2.3704,15.39,0.003651,6144,2592,22.43,9.46,35.00
RED,EPIC-W 8K,6K HD,1.7778,19.18,0.003649,5760,3240,21.02,11.83,35.00
RED,EPIC-W 8K,5.5K FF,1.9104,17.48,0.003651,5632,2948,20.56,10.76,35.00
RED,EPIC-W 8K,5.5K 2:1,2.0000,16.71,0.003651,5632,2816,20.56,10.28,35.00
RED,EPIC-W 8K,5.5K WS,2.3704,14.12,0.003651,5632,2376,20.56,8.67,35.00
RED,EPIC-W 8K,5.5K HD,1.7778,17.93,0.003650,5376,3024,19.62,11.04,35.00
RED,EPIC-W 8K,5K FF,1.8963,16.04,0.003650,5120,2700,18.69,9.86,35.00
RED,EPIC-W 8K,5K 2:1,2.0000,15.20,0.003650,5120,2560,18.69,9.34,35.00
RED,EPIC-W 8K,5K WS,2.3704,12.85,0.003650,5120,2160,18.69,7.88,35.00
RED,EPIC-W 8K,5K HD,1.7778,16.04,0.003650,4800,2700,17.52,9.86,35.00
RED,EPIC-W 8K,4.5K FF,1.9104,14.33,0.003650,4608,2412,16.82,8.80,35.00
RED,EPIC-W 8K,4.5K 2:1,2.0000,13.70,0.003650,4608,2304,16.82,8.41,35.00
RED,EPIC-W 8K,4.5K WS,2.3704,11.58,0.003650,4608,1944,16.82,7.10,35.00
RED,EPIC-W 8K,4.5K HD,1.8182,14.12,0.003650,4320,2376,15.77,8.67,35.00
RED,EPIC-W 8K,4K FF,1.8963,12.85,0.003650,4096,2160,14.95,7.88,35.00
RED,EPIC-W 8K,4K 2:1,2.0000,12.20,0.003650,4096,2048,14.95,7.48,35.00
RED,EPIC-W 8K,4K WS,2.3704,10.30,0.003650,4096,1728,14.95,6.31,35.00
RED,EPIC-W 8K,4K HD,1.7778,12.85,0.003651,3840,2160,14.02,7.88,35.00
RED,EPIC-W 8K,3.5K FF,1.9104,11.18,0.003650,3584,1876,13.08,6.85,35.00
RED,EPIC-W 8K,3.5K 2:1,2.0000,10.68,0.003650,3584,1792,13.08,6.54,35.00
RED,EPIC-W 8K,3.5K WS,2.3704,9.02,0.003650,3584,1512,13.08,5.52,35.00
RED,EPIC-W 8K,3.5K HD,1.7778,11.58,0.003649,3456,1944,12.61,7.10,35.00
RED,EPIC-W 8K,3K FF,1.8963,9.65,0.003649,3072,1620,11.21,5.91,35.00
RED,EPIC-W 8K,3K 2:1,2.0000,9.16,0.003649,3072,1536,11.21,5.61,35.00
RED,EPIC-W 8K,3K WS,2.3704,7.73,0.003649,3072,1296,11.21,4.73,35.00
RED,EPIC-W 8K,3K HD,1.7778,9.65,0.003649,2880,1620,10.51,5.91,35.00
RED,EPIC-W 8K,2.5K FF,1.9104,7.99,0.003648,2560,1340,9.34,4.89,35.00
RED,EPIC-W 8K,2.5K 2:1,2.0000,7.63,0.003648,2560,1280,9.34,4.67,35.00
RED,EPIC-W 8K,2.5K WS,2.3704,6.44,0.003648,2560,1080,9.34,3.94,35.00
RED,EPIC-W 8K,2.5K HD,1.7778,7.73,0.003650,2304,1296,8.41,4.73,35.00
RED,EPIC-W 8K,2K FF,1.8963,6.44,0.003652,2048,1080,7.48,3.94,35.00
RED,EPIC-W 8K,2K 2:1,2.0000,6.12,0.003652,2048,1024,7.48,3.74,35.00
RED,EPIC-W 8K,2K WS,2.3704,5.15,0.003652,2048,864,7.48,3.15,35.00
RED,EPIC-W 8K,2K HD,1.7778,6.44,0.003651,1920,1080,7.01,3.94,35.00
RED,Komodo 6K OG,6K 17:9,1.8963,23.03,0.004399,6144,3240,27.03,14.26,35.00
RED,Komodo 6K OG,4K 17:9,1.8963,15.46,0.004399,4096,2160,18.02,9.50,35.00
RED,Komodo 6K OG,2K 17:9,1.8963,7.76,0.004399,2048,1080,9.01,4.75,35.00
RED,Komodo 6K OG,6K 16:9,1.7778,23.03,0.004399,5760,3240,25.34,14.26,35.00
RED,Komodo 6K OG,4k 16:9,1.7778,15.46,0.004401,3840,2160,16.90,9.50,35.00
RED,One MX,4.5K WS,2.3333,16.85,0.005400,4480,1920,24.19,10.37,35.00
RED,One MX,4K HD 4096 x 2304,1.7778,20.15,0.005400,4096,2304,22.12,12.44,35.00
RED,One MX,4K 2:1,2.0000,17.96,0.005400,4096,2048,22.12,11.06,35.00
RED,One MX,4K HD 3840 x 2160,1.7778,18.91,0.005401,3840,2160,20.74,11.66,35.00
RED,One MX,4K ANA,1.2222,20.15,0.005401,2816,2304,15.21,12.44,35.00
RED,One MX,3K HD,1.7778,15.18,0.005400,3072,1728,16.59,9.33,35.00
RED,One MX,3K 2:1,2.0000,13.51,0.005400,3072,1536,16.59,8.29,35.00
RED,One MX,3K ANA,1.2222,15.18,0.005398,2112,1728,11.40,9.33,35.00
RED,One MX,2K HD,1.7778,10.16,0.005400,2048,1152,11.06,6.22,35.00
RED,One MX,2K 2:1,2.0000,9.05,0.005400,2048,1024,11.06,5.54,35.00
RED,One MX,2K ANA,1.2222,10.16,0.005398,1408,1152,7.60,6.22,35.00
RED,RAVEN 4.5K,4.5K 2.1,2.1333,17.54,0.005000,4608,2160,23.04,10.80,35.00
RED,RAVEN 4.5K,4.5K WS,2.3704,15.81,0.005000,4608,1944,23.04,9.72,35.00
RED,RAVEN 4.5K,4K FF,1.8963,17.54,0.005000,4096,2160,20.48,10.80,35.00
RED,RAVEN 4.5K,4K 2:1,2.0000,16.65,0.005000,4096,2048,20.48,10.24,35.00
RED,RAVEN 4.5K,4K WS,2.3704,14.07,0.005000,4096,1728,20.48,8.64,35.00
RED,RAVEN 4.5K,4K HD,1.7778,17.54,0.005000,3840,2160,19.20,10.80,35.00
RED,RAVEN 4.5K,3.5K FF,1.9104,15.26,0.005000,3584,1876,17.92,9.38,35.00
RED,RAVEN 4.5K,3.5K 2:1,2.0000,14.59,0.005000,3584,1792,17.92,8.96,35.00
RED,RAVEN 4.5K,3.5K WS,2.3704,12.33,0.005000,3584,1512,17.92,7.56,35.00
RED,RAVEN 4.5K,3.5K HD,1.7910,15.26,0.005000,3360,1876,16.80,9.38,35.00
RED,RAVEN 4.5K,3K FF,1.8963,13.20,0.005000,3072,1620,15.36,8.10,35.00
RED,RAVEN 4.5K,3K 2:1,2.0000,12.52,0.005000,3072,1536,15.36,7.68,35.00
RED,RAVEN 4.5K,3K WS,2.3704,10.58,0.005000,3072,1296,15.36,6.48,35.00
RED,RAVEN 4.5K,3K HD,1.7778,13.20,0.005000,2880,1620,14.40,8.10,35.00
RED,RAVEN 4.5K,2.5K FF,1.9104,10.93,0.005000,2560,1340,12.80,6.70,35.00
RED,RAVEN 4.5K,2.5K 2:1,2.0000,10.45,0.005000,2560,1280,12.80,6.40,35.00
RED,RAVEN 4.5K,2.5K WS,2.3704,8.82,0.005000,2560,1080,12.80,5.40,35.00
RED,RAVEN 4.5K,2.5K HD,1.7910,10.93,0.005000,2400,1340,12.00,6.70,35.00
RED,RAVEN 4.5K,2K FF,1.8963,8.82,0.005000,2048,1080,10.24,5.40,35.00
RED,RAVEN 4.5K,2K 2:1,2.0000,8.37,0.005000,2048,1024,10.24,5.12,35.00
RED,RAVEN 4.5K,2K WS,2.3704,7.06,0.005000,2048,864,10.24,4.32,35.00
RED,RAVEN 4.5K,2K HD,1.7778,8.82,0.005000,1920,1080,9.60,5.40,35.00
RED,RAVEN 4.5K,1K HD,1.7778,6.35,0.005398,1280,720,6.91,3.88,35.00
RED,RAVEN 4.5K,1K WS,2.6667,4.24,0.005398,1280,480,6.91,2.59,35.00
RED,SCARLET MX,5K FF,1.8963,23.53,0.005400,5120,2700,27.65,14.58,35.00
RED,SCARLET MX,5K HD,1.7778,23.53,0.005400,4800,2700,25.92,14.58,35.00
RED,SCARLET MX,5K 2:1,2.0000,22.35,0.005400,5120,2560,27.65,13.83,35.00
RED,SCARLET MX,5K WS,2.3704,18.91,0.005400,5120,2160,27.65,11.66,35.00
RED,SCARLET MX,5K ANA,1.3333,23.53,0.005400,3600,2700,19.44,14.58,35.00
RED,SCARLET MX,4K,1.8963,18.91,0.005400,4096,2160,22.12,11.66,35.00
RED,SCARLET MX,4K HD,1.7778,18.91,0.005401,3840,2160,20.74,11.66,35.00
RED,SCARLET MX,4K 2:1,2.0000,17.96,0.005400,4096,2048,22.12,11.06,35.00
RED,SCARLET MX,4K WS,2.4009,14.99,0.005400,4096,1706,22.12,9.21,35.00
RED,SCARLET MX,3K,1.8963,14.25,0.005400,3072,1620,16.59,8.75,35.00
RED,SCARLET MX,3K HD,1.7778,14.25,0.005399,2880,1620,15.55,8.75,35.00
RED,SCARLET MX,3K 2:1,2.0000,13.51,0.005400,3072,1536,16.59,8.29,35.00
RED,SCARLET MX,3K WS,2.4000,11.28,0.005400,3072,1280,16.59,6.91,35.00
RED,SCARLET MX,2K,1.8963,9.52,0.005400,2048,1080,11.06,5.83,35.00
RED,SCARLET MX,2K HD,1.7778,9.52,0.005401,1920,1080,10.37,5.83,35.00
RED,SCARLET MX,2K 2:1,2.0000,9.05,0.005400,2048,1024,11.06,5.54,35.00
RED,SCARLET MX,2K WS,2.3981,7.54,0.005400,2048,854,11.06,4.61,35.00
RED,SCARLET MX,1K HD,1.7778,6.35,0.005398,1280,720,6.91,3.88,35.00
RED,SCARLET MX,1K WS,2.6667,4.24,0.005398,1280,480,6.91,2.59,35.00
RED,SCARLET-W 5K,5K FF,1.8963,21.82,0.004996,5120,2700,25.58,13.49,35.00
RED,SCARLET-W 5K,5K 2:1,2.0000,20.71,0.004996,5120,2560,25.58,12.79,35.00
RED,SCARLET-W 5K,5K WS,2.3704,17.53,0.004996,5120,2160,25.58,10.79,35.00
RED,SCARLET-W 5K,5K HD,1.7778,21.82,0.004996,4800,2700,23.98,13.49,35.00
RED,SCARLET-W 5K,4.5K FF,1.8947,19.71,0.005000,4608,2432,23.04,12.16,35.00
RED,SCARLET-W 5K,4.5K 2:1,2.0000,18.69,0.005000,4608,2304,23.04,11.52,35.00
RED,SCARLET-W 5K,4.5K WS,2.3704,15.81,0.005000,4608,1944,23.04,9.72,35.00
RED,SCARLET-W 5K,4.5K HD,1.7763,19.71,0.005000,4320,2432,21.60,12.16,35.00
RED,SCARLET-W 5K,4K FF,1.8963,17.53,0.004998,4096,2160,20.47,10.79,35.00
RED,SCARLET-W 5K,4K 2:1,2.0000,16.63,0.004998,4096,2048,20.47,10.23,35.00
RED,SCARLET-W 5K,4K WS,2.3704,14.06,0.004998,4096,1728,20.47,8.63,35.00
RED,SCARLET-W 5K,4K HD,1.7778,17.53,0.004997,3840,2160,19.19,10.79,35.00
RED,SCARLET-W 5K,3.5K FF,1.9104,15.26,0.005000,3584,1876,17.92,9.38,35.00
RED,SCARLET-W 5K,3.5K 2:1,2.0000,14.59,0.005000,3584,1792,17.92,8.96,35.00
RED,SCARLET-W 5K,3.5K WS,2.3704,12.33,0.005000,3584,1512,17.92,7.56,35.00
RED,SCARLET-W 5K,3.5K HD,1.7910,15.26,0.005000,3360,1876,16.80,9.38,35.00
RED,SCARLET-W 5K,3K FF,1.8963,13.20,0.005000,3072,1620,15.36,8.10,35.00
RED,SCARLET-W 5K,3K 2:1,2.0000,12.52,0.005000,3072,1536,15.36,7.68,35.00
RED,SCARLET-W 5K,3K WS,2.3704,10.58,0.005000,3072,1296,15.36,6.48,35.00
RED,SCARLET-W 5K,3K HD,1.7778,13.20,0.005000,2880,1620,14.40,8.10,35.00
RED,SCARLET-W 5K,2.5K FF,1.9104,10.93,0.005000,2560,1340,12.80,6.70,35.00
RED,SCARLET-W 5K,2.5K 2:1,2.0000,10.45,0.005000,2560,1280,12.80,6.40,35.00
RED,SCARLET-W 5K,2.5K WS,2.3704,8.82,0.005000,2560,1080,12.80,5.40,35.00
RED,SCARLET-W 5K,2.5K HD,1.7910,10.93,0.005000,2400,1340,12.00,6.70,35.00
RED,SCARLET-W 5K,2K FF,1.8963,8.82,0.005000,2048,1080,10.24,5.40,35.00
RED,SCARLET-W 5K,2K 2:1,2.0000,8.37,0.005000,2048,1024,10.24,5.12,35.00
RED,SCARLET-W 5K,2K WS,2.3704,7.06,0.005000,2048,864,10.24,4.32,35.00
RED,SCARLET-W 5K,2K HD,1.7778,8.82,0.005000,1920,1080,9.60,5.40,35.00
RED,SCARLET-W 6K,6K FF,1.9443,25.44,0.005000,6144,3160,30.72,15.80,35.00
RED,SCARLET-W 6K,5K FF,1.8963,21.82,0.004996,5120,2700,25.58,13.49,35.00
RED,SCARLET-W 6K,5K 2:1,2.0000,20.71,0.004996,5120,2560,25.58,12.79,35.00
RED,SCARLET-W 6K,5K WS,2.3704,17.53,0.004996,5120,2160,25.58,10.79,35.00
RED,SCARLET-W 6K,5K HD,1.7778,21.82,0.004996,4800,2700,23.98,13.49,35.00
RED,SCARLET-W 6K,4K FF,1.8963,17.53,0.004998,4096,2160,20.47,10.79,35.00
RED,SCARLET-W 6K,4K 2:1,2.0000,16.63,0.004998,4096,2048,20.47,10.23,35.00
RED,SCARLET-W 6K,4K WS,2.3704,14.06,0.004998,4096,1728,20.47,8.63,35.00
RED,SCARLET-W 6K,4K HD,1.7778,17.53,0.004997,3840,2160,19.19,10.79,35.00
RED,SCARLET-W 6K,3K FF,1.8963,13.20,0.005000,3072,1620,15.36,8.10,35.00
RED,SCARLET-W 6K,3K 2:1,2.0000,12.52,0.005000,3072,1536,15.36,7.68,35.00
RED,SCARLET-W 6K,3K WS,2.3704,10.58,0.005000,3072,1296,15.36,6.48,35.00
RED,SCARLET-W 6K,3K HD,1.7778,13.20,0.005000,2880,1620,14.40,8.10,35.00
RED,SCARLET-W 6K,2K FF,1.8963,8.82,0.005000,2048,1080,10.24,5.40,35.00
RED,SCARLET-W 6K,2K 2:1,2.0000,8.37,0.005000,2048,1024,10.24,5.12,35.00
RED,SCARLET-W 6K,2K WS,2.3704,7.06,0.005000,2048,864,10.24,4.32,35.00
RED,SCARLET-W 6K,2K HD,1.7778,8.82,0.005000,1920,1080,9.60,5.40,35.00
RED,WEAPON DRAGON 6K S35,6K FF,1.9443,25.44,0.004997,6144,3160,30.70,15.80,35.00
RED,WEAPON DRAGON 6K S35,6K 2:1,2.0000,24.74,0.004997,6144,3072,30.70,15.35,35.00
RED,WEAPON DRAGON 6K S35,6K WS,2.3704,20.96,0.004997,6144,2592,30.70,12.95,35.00
RED,WEAPON DRAGON 6K S35,6K HD,1.7778,25.20,0.004996,5568,3132,27.82,15.65,35.00
RED,WEAPON DRAGON 6K S35,5.5K FF,1.8919,23.86,0.004996,5600,2960,27.98,14.79,35.00
RED,WEAPON DRAGON 6K S35,5.5K 2:1,2.0000,22.60,0.004996,5600,2800,27.98,13.99,35.00
RED,WEAPON DRAGON 6K S35,5.5K WS,2.3729,19.12,0.004996,5600,2360,27.98,11.79,35.00
RED,WEAPON DRAGON 6K S35,5.5K HD,1.7838,23.86,0.004996,5280,2960,26.38,14.79,35.00
RED,WEAPON DRAGON 6K S35,5K FF,1.8963,21.82,0.004996,5120,2700,25.58,13.49,35.00
RED,WEAPON DRAGON 6K S35,5K 2:1,2.0000,20.71,0.004996,5120,2560,25.58,12.79,35.00
RED,WEAPON DRAGON 6K S35,5K WS,2.3704,17.53,0.004996,5120,2160,25.58,10.79,35.00
RED,WEAPON DRAGON 6K S35,5K HD,1.7778,21.82,0.004996,4800,2700,23.98,13.49,35.00
RED,WEAPON DRAGON 6K S35,4.5K FF,1.8947,19.71,0.005000,4608,2432,23.04,12.16,35.00
RED,WEAPON DRAGON 6K S35,4.5K 2:1,2.0000,18.69,0.005000,4608,2304,23.04,11.52,35.00
RED,WEAPON DRAGON 6K S35,4.5K WS,2.3704,15.81,0.005000,4608,1944,23.04,9.72,35.00
RED,WEAPON DRAGON 6K S35,4.5K HD,1.7763,19.71,0.005000,4320,2432,21.60,12.16,35.00
RED,WEAPON DRAGON 6K S35,4K FF,1.8963,17.53,0.004998,4096,2160,20.47,10.79,35.00
RED,WEAPON DRAGON 6K S35,4K 2:1,2.0000,16.63,0.004998,4096,2048,20.47,10.23,35.00
RED,WEAPON DRAGON 6K S35,4K WS,2.3704,14.06,0.004998,4096,1728,20.47,8.63,35.00
RED,WEAPON DRAGON 6K S35,4K HD,1.7778,17.53,0.004997,3840,2160,19.19,10.79,35.00
RED,WEAPON DRAGON 6K S35,3K,1.8963,14.25,0.005400,3072,1620,16.59,8.75,35.00
RED,WEAPON DRAGON 6K S35,3K HD,1.7778,14.25,0.005399,2880,1620,15.55,8.75,35.00
RED,WEAPON DRAGON 6K S35,3K 2:1,2.0000,13.51,0.005400,3072,1536,16.59,8.29,35.00
RED,WEAPON DRAGON 6K S35,3K WS,2.4000,11.28,0.005400,3072,1280,16.59,6.91,35.00
RED,WEAPON DRAGON 6K S35,2K,1.8963,9.52,0.005400,2048,1080,11.06,5.83,35.00
RED,WEAPON DRAGON 6K S35,2K HD,1.7778,9.52,0.005401,1920,1080,10.37,5.83,35.00
RED,WEAPON DRAGON 6K S35,2K 2:1,2.0000,9.05,0.005400,2048,1024,11.06,5.54,35.00
RED,WEAPON DRAGON 6K S35,2K WS,2.3981,7.54,0.005400,2048,854,11.06,4.61,35.00
RED,WEAPON DRAGON 6K S35,1K HD,1.7778,6.35,0.005398,1280,720,6.91,3.88,35.00
RED,WEAPON DRAGON 6K S35,1K WS,2.6667,4.24,0.005398,1280,480,6.91,2.59,35.00
RED,WEAPON HELIUM 8K S35,8K FF,1.8963,25.39,0.003650,8192,4320,29.90,15.77,35.00
RED,WEAPON HELIUM 8K S35,8K 2:1,2.0000,24.11,0.003650,8192,4096,29.90,14.95,35.00
RED,WEAPON HELIUM 8K S35,8K WS,2.3704,20.42,0.003650,8192,3456,29.90,12.61,35.00
RED,WEAPON HELIUM 8K S35,8K HD,1.7778,25.39,0.003650,7680,4320,28.03,15.77,35.00
RED,WEAPON HELIUM 8K S35,7.5K FF,1.8824,24.02,0.003650,7680,4080,28.03,14.89,35.00
RED,WEAPON HELIUM 8K S35,7.5K 2:1,2.0000,22.65,0.003650,7680,3840,28.03,14.02,35.00
RED,WEAPON HELIUM 8K S35,7.5K WS,2.3704,19.18,0.003650,7680,3240,28.03,11.83,35.00
RED,WEAPON HELIUM 8K S35,7.5K HD,1.7778,24.16,0.003650,7296,4104,26.63,14.98,35.00
RED,WEAPON HELIUM 8K S35,7K FF,1.8963,22.30,0.003650,7168,3780,26.16,13.80,35.00
RED,WEAPON HELIUM 8K S35,7K 2:1,2.0000,21.17,0.003650,7168,3584,26.16,13.08,35.00
RED,WEAPON HELIUM 8K S35,7K WS,2.3704,17.93,0.003650,7168,3024,26.16,11.04,35.00
RED,WEAPON HELIUM 8K S35,7K HD,1.7778,22.30,0.003650,6720,3780,24.53,13.80,35.00
RED,WEAPON HELIUM 8K S35,6.5K FF,1.8824,20.90,0.003649,6656,3536,24.29,12.91,35.00
RED,WEAPON HELIUM 8K S35,6.5K 2:1,2.0000,19.69,0.003649,6656,3328,24.29,12.15,35.00
RED,WEAPON HELIUM 8K S35,6.5K WS,2.3704,16.66,0.003649,6656,2808,24.29,10.25,35.00
RED,WEAPON HELIUM 8K S35,6.5K HD,1.7778,20.42,0.003651,6144,3456,22.43,12.61,35.00
RED,WEAPON HELIUM 8K S35,6K FF,1.8963,19.18,0.003651,6144,3240,22.43,11.83,35.00
RED,WEAPON HELIUM 8K S35,6K 2:1,2.0000,18.20,0.003651,6144,3072,22.43,11.21,35.00
RED,WEAPON HELIUM 8K S35,6K WS,2.3704,15.39,0.003651,6144,2592,22.43,9.46,35.00
RED,WEAPON HELIUM 8K S35,6K HD,1.7778,19.18,0.003649,5760,3240,21.02,11.83,35.00
RED,WEAPON HELIUM 8K S35,5.5K FF,1.8919,17.56,0.003650,5600,2960,20.44,10.81,35.00
RED,WEAPON HELIUM 8K S35,5.5K 2:1,2.0000,16.61,0.003650,5600,2800,20.44,10.22,35.00
RED,WEAPON HELIUM 8K S35,5.5K WS,2.3729,14.04,0.003650,5600,2360,20.44,8.62,35.00
RED,WEAPON HELIUM 8K S35,5.5K HD,1.7838,17.56,0.003650,5280,2960,19.27,10.81,35.00
RED,WEAPON HELIUM 8K S35,5K FF,1.8963,16.04,0.003650,5120,2700,18.69,9.86,35.00
RED,WEAPON HELIUM 8K S35,5K 2:1,2.0000,15.22,0.003650,5120,2560,18.69,9.35,35.00
RED,WEAPON HELIUM 8K S35,5K WS,2.3704,12.86,0.003650,5120,2160,18.69,7.89,35.00
RED,WEAPON HELIUM 8K S35,5K HD,1.7778,16.04,0.003650,4800,2700,17.52,9.86,35.00
RED,WEAPON HELIUM 8K S35,4K FF,1.8963,12.86,0.003650,4096,2160,14.95,7.89,35.00
RED,WEAPON HELIUM 8K S35,4K 2:1,2.0000,12.20,0.003650,4096,2048,14.95,7.48,35.00
RED,WEAPON HELIUM 8K S35,4K WS,2.3704,10.30,0.003650,4096,1728,14.95,6.31,35.00
RED,WEAPON HELIUM 8K S35,4K HD,1.7778,12.86,0.003648,3840,2160,14.01,7.89,35.00
RED,WEAPON HELIUM 8K S35,3K,1.8963,9.65,0.003649,3072,1620,11.21,5.91,35.00
RED,WEAPON HELIUM 8K S35,3K HD,1.7778,9.65,0.003649,2880,1620,10.51,5.91,35.00
RED,WEAPON HELIUM 8K S35,3K 2:1,2.0000,9.16,0.003649,3072,1536,11.21,5.61,35.00
RED,WEAPON HELIUM 8K S35,3K WS,2.4000,7.63,0.003649,3072,1280,11.21,4.67,35.00
RED,WEAPON HELIUM 8K S35,2K,1.8963,6.44,0.003652,2048,1080,7.48,3.94,35.00
RED,WEAPON HELIUM 8K S35,2K HD,1.7778,6.44,0.003651,1920,1080,7.01,3.94,35.00
RED,WEAPON HELIUM 8K S35,2K 2:1,2.0000,6.13,0.003652,2048,1024,7.48,3.75,35.00
RED,WEAPON HELIUM 8K S35,2K WS,2.3981,5.10,0.003652,2048,854,7.48,3.12,35.00
RED,WEAPON HELIUM 8K S35,1K HD,1.7778,4.30,0.003648,1280,720,4.67,2.63,35.00
RED,WEAPON HELIUM 8K S35,1K WS,2.6667,2.86,0.003648,1280,480,4.67,1.75,35.00
RED,WEAPON MONSTRO 8K W,8K FF,1.8963,34.30,0.005000,8192,4320,40.96,21.60,35.00
RED,WEAPON MONSTRO 8K W,8K 2:1,2.0000,32.62,0.005000,8192,4096,40.96,20.48,35.00
RED,WEAPON MONSTRO 8K W,8K WS,2.3704,27.73,0.005000,8192,3456,40.96,17.28,35.00
RED,WEAPON MONSTRO 8K W,8K HD,1.7778,34.30,0.005000,7680,4320,38.40,21.60,35.00
RED,WEAPON MONSTRO 8K W,7.5K FF,1.8824,32.50,0.005000,7680,4080,38.40,20.40,35.00
RED,WEAPON MONSTRO 8K W,7.5K 2:1,2.0000,30.68,0.005000,7680,3840,38.40,19.20,35.00
RED,WEAPON MONSTRO 8K W,7.5K WS,2.3704,26.06,0.005000,7680,3240,38.40,16.20,35.00
RED,WEAPON MONSTRO 8K W,7.5K HD,1.7778,32.68,0.005000,7296,4104,36.48,20.52,35.00
RED,WEAPON MONSTRO 8K W,7K FF,1.8963,30.22,0.005000,7168,3780,35.84,18.90,35.00
RED,WEAPON MONSTRO 8K W,7K 2:1,2.0000,28.72,0.005000,7168,3584,35.84,17.92,35.00
RED,WEAPON MONSTRO 8K W,7K WS,2.3704,24.38,0.005000,7168,3024,35.84,15.12,35.00
RED,WEAPON MONSTRO 8K W,7K HD,1.7778,30.22,0.005000,6720,3780,33.60,18.90,35.00
RED,WEAPON MONSTRO 8K W,6.5K FF,1.8824,28.35,0.005000,6656,3536,33.28,17.68,35.00
RED,WEAPON MONSTRO 8K W,6.5K 2:1,2.0000,26.74,0.005000,6656,3328,33.28,16.64,35.00
RED,WEAPON MONSTRO 8K W,6.5K WS,2.3704,22.68,0.005000,6656,2808,33.28,14.04,35.00
RED,WEAPON MONSTRO 8K W,6.5K HD,1.7778,27.73,0.005000,6144,3456,30.72,17.28,35.00
RED,WEAPON MONSTRO 8K W,6K FF,1.8963,26.06,0.005000,6144,3240,30.72,16.20,35.00
RED,WEAPON MONSTRO 8K W,6K 2:1,2.0000,24.75,0.005000,6144,3072,30.72,15.36,35.00
RED,WEAPON MONSTRO 8K W,6K WS,2.3704,20.98,0.005000,6144,2592,30.72,12.96,35.00
RED,WEAPON MONSTRO 8K W,6K HD,1.7778,26.06,0.005000,5760,3240,28.80,16.20,35.00
RED,WEAPON MONSTRO 8K W,5.5K FF,1.9104,23.78,0.005000,5632,2948,28.16,14.74,35.00
RED,WEAPON MONSTRO 8K W,5.5K 2:1,2.0000,22.75,0.005000,5632,2816,28.16,14.08,35.00
RED,WEAPON MONSTRO 8K W,5.5K WS,2.3704,19.26,0.005000,5632,2376,28.16,11.88,35.00
RED,WEAPON MONSTRO 8K W,5.5K HD,1.7778,24.38,0.005000,5376,3024,26.88,15.12,35.00
RED,WEAPON MONSTRO 8K W,5K FF,1.8963,21.82,0.004996,5120,2700,25.58,13.49,35.00
RED,WEAPON MONSTRO 8K W,5K 2:1,2.0000,20.71,0.004996,5120,2560,25.58,12.79,35.00
RED,WEAPON MONSTRO 8K W,5K WS,2.3704,17.53,0.004996,5120,2160,25.58,10.79,35.00
RED,WEAPON MONSTRO 8K W,5K HD,1.7778,21.82,0.004996,4800,2700,23.98,13.49,35.00
RED,WEAPON MONSTRO 8K W,4K FF,1.8963,17.53,0.004998,4096,2160,20.47,10.79,35.00
RED,WEAPON MONSTRO 8K W,4K 2:1,2.0000,16.63,0.004998,4096,2048,20.47,10.23,35.00
RED,WEAPON MONSTRO 8K W,4K WS,2.3704,14.06,0.004998,4096,1728,20.47,8.63,35.00
RED,WEAPON MONSTRO 8K W,4K HD,1.7778,17.53,0.004997,3840,2160,19.19,10.79,35.00
RED,WEAPON MONSTRO 8K W,3K,1.8963,14.25,0.005400,3072,1620,16.59,8.75,35.00
RED,WEAPON MONSTRO 8K W,3K HD,1.7778,14.25,0.005399,2880,1620,15.55,8.75,35.00
RED,WEAPON MONSTRO 8K W,3K 2:1,2.0000,13.51,0.005400,3072,1536,16.59,8.29,35.00
RED,WEAPON MONSTRO 8K W,3K WS,2.4000,11.28,0.005400,3072,1280,16.59,6.91,35.00
RED,WEAPON MONSTRO 8K W,2K,1.8963,9.52,0.005400,2048,1080,11.06,5.83,35.00
RED,WEAPON MONSTRO 8K W,2K HD,1.7778,9.52,0.005401,1920,1080,10.37,5.83,35.00
RED,WEAPON MONSTRO 8K W,2K 2:1,2.0000,9.05,0.005400,2048,1024,11.06,5.54,35.00
RED,WEAPON MONSTRO 8K W,2K WS,2.3981,7.54,0.005400,2048,854,11.06,4.61,35.00
RED,WEAPON MONSTRO 8K W,1K HD,1.7778,6.35,0.005398,1280,720,6.91,3.88,35.00
RED,WEAPON MONSTRO 8K W,1K WS,2.6667,4.24,0.005398,1280,480,6.91,2.59,35.00
Sony,A7 IV,All,1.5000,37.56,0.005080,7008,4672,35.60,23.80,35.00
Sony,VENICE,6K Full Frame Mode 6K 1.85:1,1.8502,30.98,0.005946,6054,3272,36.00,19.40,35.00
Sony,VENICE,6K Full Frame Mode 6K 17:9,1.8966,30.37,0.005946,6054,3192,36.00,19.00,35.00
Sony,VENICE,6K Full Frame Mode 6K 3:2,1.5000,37.85,0.005936,6048,4032,35.90,24.00,35.00
Sony,VENICE,6K Full Frame Mode 6K 2.39:1,2.3867,24.19,0.005936,6048,2534,35.90,15.00,35.00
Sony,VENICE,6K Full Frame Mode 5.7K 16:9,1.7774,30.22,0.005944,5670,3190,33.70,18.90,35.00
Sony,VENICE,4K Anamorphic Mode 4K 6:5,1.1935,32.50,0.005933,4096,3432,24.30,20.40,35.00
Sony,VENICE,4K Anamorphic Mode 4K 4:3,1.3545,28.84,0.005933,4096,3024,24.30,18.00,35.00
Sony,VENICE,4K Super35 Mode 4K 17:9,1.8963,20.72,0.005933,4096,2160,24.30,12.80,35.00
Sony,VENICE,4K Super35 Mode 3.8K 16:9,1.7778,20.72,0.005938,3840,2160,22.80,12.80,35.00
Sony,ZV-E1,All,1.4972,37.56,0.008396,4240,2832,35.60,23.80,35.00
Vision Research,Phantom Flex4K,4K (35mm) native 16:9,1.7778,24.97,0.006738,4096,2304,27.60,15.50,35.00
Vision Research,Phantom Flex4K,4K (35mm) overscan 16:9,1.7778,23.45,0.006738,3840,2160,25.88,14.53,35.00
Vision Research,Phantom Flex4K,4K (35mm) anamorphic 2.0,1.1944,24.97,0.006738,2752,2304,18.54,15.50,35.00
Vision Research,Phantom Flex4K,4K (35mm) scaled 16:9,1.7778,11.85,0.006739,1920,1080,12.94,7.27,35.00
Vision Research,Phantom Flex4K,4K (35mm) native DCI,1.8963,23.45,0.006738,4096,2160,27.60,14.53,35.00
Vision Research,Phantom Flex4K,4K (35mm) native 1.85:1,1.8484,24.05,0.006738,4096,2216,27.60,14.91,35.00
Vision Research,Phantom Flex4K,4K (35mm) native 2.39:1,2.3925,18.69,0.006738,4096,1712,27.60,11.52,35.00
Vision Research,Phantom Flex4K,4K (35mm) cropped 16:9,1.7778,23.45,0.006738,3840,2160,25.88,14.53,35.00
Vision Research,Phantom Flex4K,2K (windowed) native 4:3,1.3333,16.85,0.006738,2048,1536,13.80,10.37,35.00
Vision Research,Phantom Flex4K,2K (windowed) native 16:9,1.7778,12.68,0.006738,2048,1152,13.80,7.78,35.00
Vision Research,Phantom Flex4K,2K (windowed) overscan 16:9,1.7778,11.89,0.006739,1920,1080,12.94,7.29,35.00
Vision Research,Phantom Flex4K,2K (windowed) native DCI,1.8963,11.89,0.006738,2048,1080,13.80,7.29,35.00
Vision Research,Phantom Flex4K,2K (windowed) crop 16:9,1.7778,7.94,0.006738,1280,720,8.62,4.86,35.00
Vision Research,Phantom Flex4K,2K (windowed) scaled 16:9,1.7778,7.94,0.006738,1280,720,8.62,4.86,35.00
